id,clave_unica,nombre_obra,frente,empresa,contrato,avance_programado,avance_real,avance_semanal,atraso,jud_responsable,fecha_de_inicio,fecha_de_termino,fuerza_de_trabajo,estatus,created_at,updated_at,observaciones
2,PLATSOBSE_DGCOP_CONST_UTOPIAS_PARQUE_JAPON_3,Álvaro Obregón — Parque Japón,SIEMPRE VIVAS,CONSTRUCCIÓN Y DISEÑO JUVICSA S.A DE C.V,SOBS-EJM-S-2026-01,1.0,0.484,0.013,0.516,A3,2025-10-16,2025-12-31,,EN PROCESO,2026-05-15 18:48:22.478,2026-06-08 19:57:31.556,
3,PLATSOBSE_DGCOP_CONST_UTOPIAS_PARQUE_JAPON_3,Álvaro Obregón — Parque Japón,"ESTANCIA INFANTIL, TEMAZCAL Y CASA DE DÍA",BAYCA OBRAS Y PROYECTOS S.A DE C.V,SOBS-EJM-S-2026-02,1.0,0.4776,0.0176,0.5224,A3,2025-10-16,2025-12-31,,EN PROCESO,2026-05-15 18:48:22.478,2026-06-08 19:57:31.557,
4,PLATSOBSE_DGCOP_CONST_UTOPIAS_PARQUE_JAPON_3,Álvaro Obregón — Parque Japón,ALBERCA,"GAMI INGERNIERÍA E INSTALACIONES, S.A DE C.V",SOBS-EJM-S-2026-03,1.0,0.53,0.0141,0.47,A3,2025-10-16,2025-12-31,,EN PROCESO,2026-05-15 18:48:22.478,2026-06-08 19:57:31.558,
5,PLATSOBSE_DGCOP_CONST_UTOPIAS_PARQUE_JAPON_3,Álvaro Obregón — Parque Japón,AUDITORIO,"GONZÁLEZ SOTO Y ASOCIADOS, S.A DE C.V",SOBS-EJM-S-2026-04,1.0,0.832,0.052,0.168,A3,2025-10-16,2025-12-31,,EN PROCESO,2026-05-15 18:48:22.478,2026-06-08 19:57:31.559,
6,PLATSOBSE_DGCOP_CONST_UTOPIAS_PARQUE_JAPON_3,Álvaro Obregón — Parque Japón,REHABILITACIÓN Y CULTURA,"ARYAK, INGENIEROS Y ARQUITECTOS S.A DE C.V",SOBS-EJM-S-2026-05,1.0,0.51,0.015,0.49,A3,2025-10-16,2025-12-31,,EN PROCESO,2026-05-15 18:48:22.478,2026-06-08 19:57:31.560,
7,PLATSOBSE_DGCOP_CONST_UTOPIAS_PARQUE_JAPON_3,Álvaro Obregón — Parque Japón,CAFEBRERÍA,"MEJORAS, ACTUALIZACIONES Y SOPORTE, S.A DE C.V",SOBS-EJM-S-2026-06,1.0,0.8012,0.0,0.1988,A3,2025-10-16,2025-12-31,,EN PROCESO,2026-05-15 18:48:22.478,2026-06-08 19:57:31.561,
8,PLATSOBSE_DGCOP_CONST_UTOPIAS_PARQUE_JAPON_3,Álvaro Obregón — Parque Japón,SERVICIOS GENERALES Y ABASTO,"ARTBACAR CONSTRUCCIONES GENERALES, S.A DE C.V",SOBS-EJM-S-2026-07,1.0,0.3704,0.0014,0.6296,A3,2025-10-16,2025-12-31,,EN PROCESO,2026-05-15 18:48:22.478,2026-06-08 19:57:31.561,
9,PLATSOBSE_DGCOP_CONST_UTOPIAS_PARQUE_JAPON_3,Álvaro Obregón — Parque Japón,REDES GENERALES Y OBRA EXTERIOR,"MULTINACIONALES MARTÍNEZ GREY, S.A DE C.V",SOBS-EJM-S-2026-08,1.0,0.3905,0.0175,0.6095,A3,2025-10-16,2025-12-31,,EN PROCESO,2026-05-15 18:48:22.478,2026-06-08 19:57:31.562,
11,PLATSOBSE_DGCOP_CONST_UTOPIAS_PARQUE_JAPON_3,Álvaro Obregón — Parque Japón,SANITARIOS Y OBRA COMPLEMENTARIA,CONSTRUCCIÓN Y DISEÑO JUVICSA S.A DE C.V,SOBS-EJM-S-2026-09,0.0,0.0,0.0,0.0,A3,2025-11-29,2025-12-31,,EN PROCESO,2026-05-15 18:48:22.478,2026-06-08 19:57:31.563,
13,PLATSOBSE_DGCOP_CONST_UTOPIAS_PARQUE_JAPON_3,Álvaro Obregón — Parque Japón,DEMOLICIONES,"INGENIERÍA CIVIL, COMUNICACIONES Y ELECTRÓNICA, S.A DE C.V",SOBS-EJM-S-2026-10,1.0,1.0,1.0,0.0,A3,2025-11-27,2025-12-10,,EN PROCESO,2026-05-15 18:48:22.478,2026-06-08 19:57:31.564,
574,cuauhtemoc_centro,Cuauhtémoc — UTOPÍA Cuauhtémoc,SUPERVISION,,SOBS-EJM-S-2026-11,1.0,0.0283,0.0003,0.9717,,2025-11-26,2025-12-31,,EN PROCESO,2026-05-23 01:04:08.443,2026-06-06 00:55:59.466,
50,PLATSOBSE_DGCOP_CONST_UTOPIAS_DEPORTIVO_TECOMITL_10,DEPORTIVO TECOMITL,Social,Indar Ingeniería y Desarrollo Arquitectos,SOBS-EJM-S-2026-12,1.0,0.883,0.011,0.117,B2,2025-08-25,2025-12-29,El monto aprobado es la suma del monto de contrato y convenio,EN PROCESO,2026-05-15 18:58:50.213,2026-06-12 23:28:08.476,incio de trabajos de ints gas
575,cuauhtemoc_centro,Cuauhtémoc — UTOPÍA Cuauhtémoc,ALBERCA,,SOBS-EJM-S-2026-13,1.0,0.0283,0.0003,0.9717,,2025-11-26,2025-12-31,,EN PROCESO,2026-05-23 01:04:08.445,2026-06-06 00:55:59.468,
253,PLATSOBSE_DGCOP_CONST_UTOPIAS_PARQUE_JAPON_3,Álvaro Obregón — Parque Japón,Norte,,SOBS-EJM-S-2026-14,1.0,0.7986,0.0093,0.2014,,2025-07-23,2025-12-24,38,EN PROCESO,2026-05-21 00:03:36.094,2026-05-21 00:03:36.094,
254,PLATSOBSE_DGCOP_CONST_UTOPIAS_PARQUE_JAPON_3,Álvaro Obregón — Parque Japón,Poniente,,SOBS-EJM-S-2026-15,1.0,0.9293,0.0171,0.0707,,2025-07-23,2025-12-24,55,EN PROCESO,2026-05-21 00:03:36.096,2026-05-21 00:03:36.096,
255,PLATSOBSE_DGCOP_CONST_UTOPIAS_PARQUE_JAPON_3,Álvaro Obregón — Parque Japón,Redes Generales,,SOBS-EJM-S-2026-16,1.0,0.9711,0.009,0.0289,,2025-07-23,2025-12-24,13,EN PROCESO,2026-05-21 00:03:36.096,2026-05-21 00:03:36.096,
256,PLATSOBSE_DGCOP_CONST_UTOPIAS_PARQUE_JAPON_3,Álvaro Obregón — Parque Japón,Oriente,,SOBS-EJM-S-2026-17,1.0,0.8876,0.015,0.1124,,2025-08-06,2025-12-24,115,EN PROCESO,2026-05-21 00:03:36.097,2026-05-21 00:03:36.097,
258,PLATSOBSE_DGCOP_CONST_UTOPIAS_PARQUE_JAPON_3,Álvaro Obregón — Parque Japón,Redes Gnerales,,SOBS-EJM-S-2026-18,1.0,0.9808,0.0091,0.0192,,2025-11-11,2025-12-31,6,EN PROCESO,2026-05-21 00:03:36.098,2026-05-21 00:03:36.098,
45,PLATSOBSE_DGCOP_CONST_UTOPIAS_DEPORTIVO_TECOMITL_10,DEPORTIVO TECOMITL,Deportivo,Videre Infraestructura,SOBS-EJM-S-2026-19,1.0,0.9355,0.008,0.0645,B2,2025-08-25,2025-12-24,El monto aprobado es la suma del monto de contrato y convenio,EN PROCESO,2026-05-15 18:58:50.213,2026-06-12 23:28:08.472,"Cierre de Instalaciones, Acabados, Canceleria"
260,PLATSOBSE_DGCOP_CONST_UTOPIAS_PARQUE_JAPON_3,Álvaro Obregón — Parque Japón,Fachadas,,SOBS-EJM-S-2026-20,1.0,0.5019,0.0184,0.4981,,2025-11-28,2025-12-31,21,EN PROCESO,2026-05-21 00:03:36.100,2026-05-21 00:03:36.100,
261,PLATSOBSE_DGCOP_CONST_UTOPIAS_PARQUE_JAPON_3,Álvaro Obregón — Parque Japón,Cuatro Foros,,SOBS-EJM-S-2026-21,1.0,0.4267,0.0265,0.5733,,2025-11-28,2025-12-28,3,EN PROCESO,2026-05-21 00:03:36.100,2026-05-21 00:03:36.100,
46,PLATSOBSE_DGCOP_CONST_UTOPIAS_DEPORTIVO_TECOMITL_10,DEPORTIVO TECOMITL,Cultural,INGNM Desarrollo,SOBS-EJM-S-2026-22,1.0,0.3498,0.0355,0.6502,B2,2025-08-25,2025-12-25,,EN PROCESO,2026-05-15 18:58:50.213,2026-06-12 23:28:08.474,inicio de estructura
257,PLATSOBSE_DGCOP_CONST_UTOPIAS_PARQUE_JAPON_3,Álvaro Obregón — Parque Japón,Supervisión externa,,SOBS-EJM-S-2026-23,1.0,0.59,0.005,0.41,,2025-11-28,2025-12-31,,EN PROCESO,2026-05-21 00:03:36.098,2026-05-21 00:03:36.101,
263,PLATSOBSE_DGCOP_CONST_UTOPIAS_PARQUE_JAPON_3,Álvaro Obregón — Parque Japón,Accesos,,SOBS-EJM-S-2026-24,1.0,0.2989,0.0114,0.7011,,2025-11-28,2025-12-31,9,EN PROCESO,2026-05-21 00:03:36.102,2026-05-21 00:03:36.102,
264,PLATSOBSE_DGCOP_CONST_UTOPIAS_PARQUE_JAPON_3,Álvaro Obregón — Parque Japón,Videomaping,,SOBS-EJM-S-2026-25,1.0,0.5865,0.0058,0.4135,,2025-11-28,2025-12-28,1,EN PROCESO,2026-05-21 00:03:36.102,2026-05-21 00:03:36.102,
47,PLATSOBSE_DGCOP_CONST_UTOPIAS_DEPORTIVO_TECOMITL_10,DEPORTIVO TECOMITL,Ambiente y Cultural,Consultaría Integral en Ingeniería,SOBS-EJM-S-2026-26,1.0,0.6893,0.0088,0.3107,B2,2025-08-25,2025-12-26,El monto aprobado es la suma del monto de contrato y convenio,EN PROCESO,2026-05-15 18:58:50.213,2026-06-12 23:28:08.474,"Albañileria, Instalaciones"
48,PLATSOBSE_DGCOP_CONST_UTOPIAS_DEPORTIVO_TECOMITL_10,DEPORTIVO TECOMITL,Salud y Social,Especialista en Acabados Profesionales,SOBS-EJM-S-2026-27,1.0,0.8264,0.0093,0.1736,B2,2025-08-25,2025-12-27,El monto aprobado es la suma del monto de contrato y convenio,EN PROCESO,2026-05-15 18:58:50.213,2026-06-12 23:28:08.475,"Albañileria, Acabados, Canceleria, Instalaciones"
14,PLATSOBSE_DGCOP_CONST_UTOPIAS_DEPORTIVO_DE_SAN_MIGUEL_TOPILEJO_11,DEPORTIVO DE SAN MIGUEL TOPILEJO,Redes Generales,"Ingeniería Civil, Comunicaciones y Electrónica",SOBS-EJM-S-2026-28,0.99,0.9074,0.0021,0.0826,B3,2025-05-07,2025-12-31,Monto Total de Contrato mas Convenio. El Convenio entra en la Estimación 8,EN PROCESO,2026-05-15 18:54:17.355,2026-06-08 17:47:30.364,
15,PLATSOBSE_DGCOP_CONST_UTOPIAS_DEPORTIVO_DE_SAN_MIGUEL_TOPILEJO_11,DEPORTIVO DE SAN MIGUEL TOPILEJO,Auditorio,Grupo Quyems,SOBS-EJM-S-2026-29,0.99,0.8001,0.0591,0.1899,B3,2025-05-07,2025-12-31,Monto Total de Contrato mas Convenio. El Convenio entra en la Estimación 9,EN PROCESO,2026-05-15 18:54:17.355,2026-06-08 17:47:30.365,
184,PLATSOBSE_DGCOP_CONST_UTOPIAS_DEPORTIVO_OYAMEL_5,Magdalena Contreras — Predio Oyamel,Cultural 2 niveles,Jaguar ingenieros y constructores.,SOBS-EJM-S-2026-30,1.0,0.91,0.015,0.09,B5,2025-05-06,2025-12-31,,EN PROCESO,2026-05-15 19:35:54.409,2026-06-08 23:53:43.049,"HABILITADO DE CANCELERÍA METÁLICA Y BARANDALES, LIMPIEZA DE INSTALACIONES, PINTURA EN CANCELERÍA Y HERRERÍA, HABILITADO DE ESTRUCTURA METALICA EN CUBIERTA"
51,PLATSOBSE_DGCOP_CONST_UTOPIAS_DEPORTIVO_TECOMITL_10,DEPORTIVO TECOMITL,Alimentación/Acceso,"Ingeniería, Edificaciones e Instalaciones Electromecánicas Especializadas",SOBS-EJM-S-2026-31,1.0,0.4819,0.0117,0.5181,B2,2025-08-25,2025-12-30,El monto aprobado es la suma del monto de contrato y convenio,EN PROCESO,2026-05-15 18:58:50.213,2026-06-12 23:28:08.477,"Albañileria, Herrerias"
56,PLATSOBSE_DGCOP_CONST_UTOPIAS_CETRAM_ACATITLA_13,CETRAM ACATITLA,SECCIÓN 2 VASO REGULADOR,"LINOS CONSTRUCCIONES, S.A DE C.V.",SOBS-EJM-S-2026-32,1.0,0.9998,0.0003,0.0002,C5,2025-05-06,2025-11-04,,EN PROCESO,2026-05-15 19:01:03.783,2026-06-06 03:31:14.880,
78,PLATSOBSE_DGCOP_CONST_UTOPIAS_CEYLAN_6,CEYLAN,BARDA PERIMETRAL Y ESPACIOS RECREATIVOS,WORKINGS AND DEVELOPINGS S.A. DE C.V.,SOBS-EJM-S-2026-33,1.0,1.0,0.0,0.0,C2,2025-11-28,2025-12-28,,ENTREGADO,2026-05-15 19:02:54.317,2026-05-16 00:18:45.953,
72,PLATSOBSE_DGCOP_CONST_UTOPIAS_CEYLAN_6,CEYLAN,EJE SALUD,"WORKINGS AND DEVELOPINGS, S.A DE C.V.",SOBS-EJM-S-2026-34,1.0,1.0,0.0,0.0,C2,2025-05-09,2025-12-04,,ENTREGADO,2026-05-15 19:02:54.317,2026-05-16 00:18:45.982,
67,PLATSOBSE_DGCOP_CONST_UTOPIAS_CEYLAN_6,CEYLAN,EJE SOCIAL Y ECONOMICO,"CONSTRUCCIONES PLATINUM, S.A DE C.V.",SOBS-EJM-S-2026-35,1.0,1.0,0.0,0.0,C2,2025-05-09,2025-12-04,,ENTREGADO,2026-05-15 19:02:54.317,2026-05-16 00:18:46.007,
74,PLATSOBSE_DGCOP_CONST_UTOPIAS_CEYLAN_6,CEYLAN,"PROYECTO ANCLA ""PISTA DE HIELO""",AGRUPACIÓN EMPRESARIAL S.A. DE C.V.,SOBS-EJM-S-2026-36,1.0,1.0,0.0,0.0,C2,2025-11-28,2025-12-28,,ENTREGADO,2026-05-15 19:02:54.317,2026-05-16 00:18:46.248,
73,PLATSOBSE_DGCOP_CONST_UTOPIAS_CEYLAN_6,CEYLAN,"GIMNASIO, CANCHA MULTIUSOS Y CAFETERÍA","SIMETRÍA AXIAL CONSTRUCTIVA, S.A DE C.V.",SOBS-EJM-S-2026-37,1.0,1.0,0.0,0.0,C2,2025-05-09,2025-12-04,,ENTREGADO,2026-05-15 19:02:54.317,2026-05-16 00:18:46.132,
80,PLATSOBSE_DGCOP_CONST_UTOPIAS_CEYLAN_6,CEYLAN,KIT DE CANCHAS DEPORTIVAS 2,AUREA SELENE ESPINOSA AVENDAÑO,SOBS-EJM-S-2026-38,1.0,1.0,0.0,0.0,C2,2025-11-28,2025-12-28,,ENTREGADO,2026-05-15 19:02:54.317,2026-05-16 00:18:46.136,
66,PLATSOBSE_DGCOP_CONST_UTOPIAS_CEYLAN_6,CEYLAN,EJE SALUD Y SOCIAL,"INGENIERÍA Y CONSTRUCCIONES GRYSLE, S.A. DE C.V",SOBS-EJM-S-2026-39,1.0,1.0,0.0,0.0,C2,2025-05-09,2025-12-04,,ENTREGADO,2026-05-15 19:02:54.317,2026-05-16 00:18:46.104,
70,PLATSOBSE_DGCOP_CONST_UTOPIAS_CEYLAN_6,CEYLAN,EJE SOCIAL Y EDUCATIVO,"CONSULTORÍA INTEGRAL EN INGENIERÍA, S.A DE C.V.",SOBS-EJM-S-2026-40,1.0,1.0,0.0,0.0,C2,2025-05-09,2025-12-04,,ENTREGADO,2026-05-15 19:02:54.317,2026-05-16 00:18:46.108,
79,PLATSOBSE_DGCOP_CONST_UTOPIAS_CEYLAN_6,CEYLAN,KIT DE CANCHAS DEPORTIVAS,AUREA SELENE ESPINOSA AVENDAÑO,SOBS-EJM-S-2026-41,1.0,1.0,0.0,0.0,C2,2025-11-28,2025-12-28,,ENTREGADO,2026-05-15 19:02:54.317,2026-05-16 00:18:46.134,
76,PLATSOBSE_DGCOP_CONST_UTOPIAS_CEYLAN_6,CEYLAN,PASILLOS Y ANDADORES,CONSULTORÍA INTEGRAL EN INGENIERÍA S.A. DE C.V.,SOBS-EJM-S-2026-42,1.0,1.0,0.0,0.0,C2,2025-11-28,2025-12-28,,ENTREGADO,2026-05-15 19:02:54.317,2026-05-16 00:18:46.164,
71,PLATSOBSE_DGCOP_CONST_UTOPIAS_CEYLAN_6,CEYLAN,ALBERCA,"GONZÁLEZ SOTO Y ASOCIADOS, S.A DE C.V.",SOBS-EJM-S-2026-43,1.0,1.0,0.0,0.0,C2,2025-05-15,2025-12-10,,ENTREGADO,2026-05-15 19:02:54.317,2026-05-16 00:18:45.865,
75,PLATSOBSE_DGCOP_CONST_UTOPIAS_CEYLAN_6,CEYLAN,"PROYECTO ANCLA ""ROBOTOPÍA""",INGENIERÍA Y CONSTRUCCIONES GRYSLE S.A. DE C.V.,SOBS-EJM-S-2026-44,1.0,1.0,0.0,0.0,C2,2025-11-28,2025-12-28,,ENTREGADO,2026-05-15 19:02:54.317,2026-05-16 00:18:46.277,
68,PLATSOBSE_DGCOP_CONST_UTOPIAS_CEYLAN_6,CEYLAN,AUDITORIO,"ALFA PROVEEDORES Y CONTRATISTAS, S.A DE C.V.",SOBS-EJM-S-2026-45,1.0,1.0,0.0,0.0,C2,2025-05-15,2025-12-10,,ENTREGADO,2026-05-15 19:02:54.317,2026-05-16 00:18:45.947,
65,PLATSOBSE_DGCOP_CONST_UTOPIAS_CEYLAN_6,CEYLAN,REDES GENERALES,"CONSTRUCCIONES Y EDIFICACIONES TAPALPA, S.A DE C.V.",SOBS-EJM-S-2026-46,1.0,1.0,0.0,0.0,C2,2025-05-15,2025-12-10,,ENTREGADO,2026-05-15 19:02:54.317,2026-05-16 00:18:46.279,
69,PLATSOBSE_DGCOP_CONST_UTOPIAS_CEYLAN_6,CEYLAN,EJE CULTURAL,"INGENIERÍA, ASESORÍA Y MANTENIMIENTO, S.A DE C.V.",SOBS-EJM-S-2026-47,1.0,1.0,0.0,0.0,C2,2025-05-09,2025-12-04,,ENTREGADO,2026-05-15 19:02:54.317,2026-05-16 00:18:45.983,
59,PLATSOBSE_DGCOP_CONST_UTOPIAS_CETRAM_ACATITLA_13,CETRAM ACATITLA,SECCIÓN 1 VASO REGULADOR,"TALLER BELARQ, S.A DE C.V.",SOBS-EJM-S-2026-48,1.0,0.75,0.1734,0.25,C5,2025-05-06,2025-11-04,,EN PROCESO,2026-05-15 19:01:03.783,2026-06-06 03:31:14.886,
57,PLATSOBSE_DGCOP_CONST_UTOPIAS_CETRAM_ACATITLA_13,CETRAM ACATITLA,EJE DEPORTIVO,"ZOAN CONSTRUCCIÓN Y CONSULTORÍA, S.A. DE C.V.",SOBS-EJM-S-2026-49,1.0,0.95,0.0,0.05,C5,2025-05-06,2025-11-04,,EN PROCESO,2026-05-15 19:01:03.783,2026-06-06 03:31:14.883,
62,PLATSOBSE_DGCOP_CONST_UTOPIAS_CETRAM_ACATITLA_13,CETRAM ACATITLA,PROYECTO ANCLA,AGRUPACIÓN EMPRESARIAL S.A. DE C.V.,SOBS-EJM-S-2026-50,1.0,0.8,0.02,0.2,C5,2025-11-28,2025-12-31,,EN PROCESO,2026-05-15 19:01:03.783,2026-06-06 03:31:14.888,
63,PLATSOBSE_DGCOP_CONST_UTOPIAS_CETRAM_ACATITLA_13,CETRAM ACATITLA,MODULOS SANITARIOS,"GRUPO DESARROLLADOR OLIGAR, S.A. DE C.V.",SOBS-EJM-S-2026-51,1.0,0.96,0.01,0.04,C5,2025-11-28,2025-12-28,,EN PROCESO,2026-05-15 19:01:03.783,2026-06-06 03:31:14.888,
64,PLATSOBSE_DGCOP_CONST_UTOPIAS_CETRAM_ACATITLA_13,CETRAM ACATITLA,MOBILIARIO URBANO,INGENIERÍA COLISEUM S.A. DE C.V.,SOBS-EJM-S-2026-52,1.0,0.12,0.0,0.88,C5,2025-11-28,2025-12-28,,EN PROCESO,2026-05-15 19:01:03.783,2026-06-06 03:31:14.889,
58,PLATSOBSE_DGCOP_CONST_UTOPIAS_CETRAM_ACATITLA_13,CETRAM ACATITLA,"EJE ECONOMICO, DEPORTIVO, SOCIAL Y EDUCATIVO","CONSTRUCCIÓN, ASESORÍA Y SUPERVISIÓN, S.A. DE C.V.",SOBS-EJM-S-2026-53,1.0,1.0,0.016,0.0,C5,2025-05-06,2025-11-04,,EN PROCESO,2026-05-15 19:01:03.783,2026-06-06 03:31:14.885,
60,PLATSOBSE_DGCOP_CONST_UTOPIAS_CETRAM_ACATITLA_13,CETRAM ACATITLA,SECCIÓN 3 VASO REGULADOR,"COMERCIALIZADORA Y CONSTRUCTORA FERNÁNDEZ, S.A DE C.V.",SOBS-EJM-S-2026-54,1.0,0.99,0.0,0.01,C5,2025-06-20,2025-12-10,,EN PROCESO,2026-05-15 19:01:03.783,2026-06-06 03:31:14.886,
61,PLATSOBSE_DGCOP_CONST_UTOPIAS_CETRAM_ACATITLA_13,CETRAM ACATITLA,CANCELERÍAS,"FLOGRA CONSTRUYENDO, S.A DE C.V",SOBS-EJM-S-2026-55,1.0,1.0,0.0,0.0,C5,2025-08-19,2025-10-18,,EN PROCESO,2026-05-15 19:01:03.783,2026-06-06 03:31:14.887,
102,PLATSOBSE_DGCOP_CONST_UTOPIAS_EL_PARIAN_2,Coyoacán — El Parián,Cuatro Foros,"Procesos de Ingeniería Aplicada, S.A DE C.V.",SOBS-EJM-S-2026-56,1.0,0.4817,0.0026,0.5183,A1,2025-11-28,2025-12-28,3,EN PROCESO,2026-05-15 19:15:20.088,2026-06-08 19:58:37.691,
107,PLATSOBSE_DGCOP_CONST_UTOPIAS_DEPORTIVO_EDUARDO_MOLINA_12,DEPORTIVO EDUARDO MOLINA,EJE CULTURAL/AUDITORIO,"SISTEMA ADOBE, S.A. DE C.V.",SOBS-EJM-S-2026-57,1.0,1.0,0.0984,0.0,A2,2025-05-24,2025-12-24,51,EN PROCESO,2026-05-15 19:18:02.196,2026-05-25 20:00:33.087,
16,PLATSOBSE_DGCOP_CONST_UTOPIAS_DEPORTIVO_DE_SAN_MIGUEL_TOPILEJO_11,DEPORTIVO DE SAN MIGUEL TOPILEJO,CENDI,Consorcio Constructor Doble AA,SOBS-EJM-S-2026-58,0.99,0.9821,0.0016,0.0079,B3,2025-05-07,2025-12-31,Monto Total de Contrato mas Convenio. El Convenio entra en la Estimación 9,EN PROCESO,2026-05-15 18:54:17.355,2026-06-08 17:47:30.366,
17,PLATSOBSE_DGCOP_CONST_UTOPIAS_DEPORTIVO_DE_SAN_MIGUEL_TOPILEJO_11,DEPORTIVO DE SAN MIGUEL TOPILEJO,Eje Deportivo,De Arq. Diseño de Espacios,SOBS-EJM-S-2026-59,0.99,0.99,0.0,0.0,B3,2025-05-07,2025-12-31,Monto Total de Contrato mas Convenio. El Convenio entra en la Estimación 8,EN PROCESO,2026-05-15 18:54:17.355,2026-06-08 17:47:30.367,Obra Terminada
108,PLATSOBSE_DGCOP_CONST_UTOPIAS_DEPORTIVO_EDUARDO_MOLINA_12,DEPORTIVO EDUARDO MOLINA,EJE SALUD,"SHAMASH MX ARQUITECTURA Y CONSTRUCCIÓN, S.A. DE C.V.",SOBS-EJM-S-2026-60,1.0,1.0,0.0,0.0,A2,2025-05-24,2025-12-24,26,EN PROCESO,2026-05-15 19:18:02.196,2026-05-25 20:00:33.088,
95,PLATSOBSE_DGCOP_CONST_UTOPIAS_EL_PARIAN_2,Coyoacán — El Parián,Poniente,"Luxcon, S.A DE C.V.",SOBS-EJM-S-2026-61,1.0,0.9535,0.0008,0.0465,A1,2025-07-23,2025-12-24,55,EN PROCESO,2026-05-15 19:15:20.088,2026-06-08 19:58:37.686,
109,PLATSOBSE_DGCOP_CONST_UTOPIAS_DEPORTIVO_EDUARDO_MOLINA_12,DEPORTIVO EDUARDO MOLINA,EJE CULTURAL/CIENCIA Y CULTURA,"NINAS CONSTRUCCIONES, S.A. DE C.V.",SOBS-EJM-S-2026-62,1.0,1.0,0.0,0.0,A2,2025-05-24,2025-11-21,32,EN PROCESO,2026-05-15 19:18:02.196,2026-05-25 20:00:33.088,
113,PLATSOBSE_DGCOP_CONST_UTOPIAS_DEPORTIVO_EDUARDO_MOLINA_12,DEPORTIVO EDUARDO MOLINA,EJE ECONOMICO/CAFETERIA Y BIBLIOTECA,"CONSTRUCTORA Y COMERCIALIZADORA ALCIRA, S.A. DE C.V.",SOBS-EJM-S-2026-63,1.0,1.0,0.0,0.0,A2,2025-05-24,2025-11-21,5,EN PROCESO,2026-05-15 19:18:02.196,2026-05-25 20:00:33.092,
103,PLATSOBSE_DGCOP_CONST_UTOPIAS_EL_PARIAN_2,Coyoacán — El Parián,Supervisión externa,"Corsa Construcciones y Mantenimiento, S.A DE C.V.",SOBS-EJM-S-2026-64,1.0,0.655,0.005,0.345,A1,2025-11-28,2025-12-31,,EN PROCESO,2026-05-15 19:15:20.088,2026-06-08 19:58:37.691,
119,PLATSOBSE_DGCOP_CONST_UTOPIAS_DEPORTIVO_EDUARDO_MOLINA_12,DEPORTIVO EDUARDO MOLINA,ANDADORES,PROYECTOS Y CONSTRUCCIONES GUSAM S.A DE C.V,SOBS-EJM-S-2026-65,1.0,1.0,0.03,0.0,A2,2025-11-27,2025-12-31,10,EN PROCESO,2026-05-15 19:18:02.196,2026-05-25 20:00:33.096,
187,PLATSOBSE_DGCOP_CONST_UTOPIAS_DEPORTIVO_OYAMEL_5,Magdalena Contreras — Predio Oyamel,Redes Generales,Drenaje e Infraestructura Urbana.,SOBS-EJM-S-2026-66,1.0,0.8,0.01,0.2,B5,2025-05-06,2025-12-31,,EN PROCESO,2026-05-15 19:35:54.409,2026-06-08 23:53:43.052,"CONEXIÓN DE REDES GENERALES A EDIFICIOS, PLANTILLA Y HABILITADO DE ACERO PARA CISTERNA"
99,PLATSOBSE_DGCOP_CONST_UTOPIAS_EL_PARIAN_2,Coyoacán — El Parián,Redes Gnerales,"Proyectos Consultoría y Servicios e Ingeniería, S.A DE C.V.",SOBS-EJM-S-2026-67,1.0,0.9915,0.0005,0.0085,A1,2025-11-11,2025-12-31,6,EN PROCESO,2026-05-15 19:15:20.088,2026-06-08 19:58:37.689,
105,PLATSOBSE_DGCOP_CONST_UTOPIAS_EL_PARIAN_2,Coyoacán — El Parián,Videomaping,Grupo Benj,SOBS-EJM-S-2026-68,1.0,0.613,0.0015,0.387,A1,2025-11-28,2025-12-28,1,EN PROCESO,2026-05-15 19:15:20.088,2026-06-08 19:58:37.693,
185,PLATSOBSE_DGCOP_CONST_UTOPIAS_DEPORTIVO_OYAMEL_5,Magdalena Contreras — Predio Oyamel,Deportivo 2 niveles,Corporacion constructora Ave Fenix,SOBS-EJM-S-2026-69,1.0,0.98,0.01,0.02,B5,2025-05-06,2025-12-31,,EN PROCESO,2026-05-15 19:35:54.409,2026-06-08 23:53:43.050,"LIMPIEZA DE AREAS, ADECUACIÓN EN ÁREA DE TORTILLERÍA"
19,PLATSOBSE_DGCOP_CONST_UTOPIAS_DEPORTIVO_DE_SAN_MIGUEL_TOPILEJO_11,DEPORTIVO DE SAN MIGUEL TOPILEJO,Rehabilitación de Alberca,Gami Ingeniería e Instalaciones,SOBS-EJM-S-2026-70,0.99,0.8317,0.0397,0.1583,B3,2025-05-07,2025-12-31,Monto Total de Contrato mas Convenio. El Convenio entra en la Estimación 9,EN PROCESO,2026-05-15 18:54:17.355,2026-06-08 17:47:30.367,
20,PLATSOBSE_DGCOP_CONST_UTOPIAS_DEPORTIVO_DE_SAN_MIGUEL_TOPILEJO_11,DEPORTIVO DE SAN MIGUEL TOPILEJO,Abasto Ambiental y Foro Cubierto,Icapsa Infraestructura de Desarrollo,SOBS-EJM-S-2026-71,0.99,0.9725,0.018,0.0175,B3,2025-05-07,2025-12-31,Monto Total de Contrato mas Convenio. El Convenio entra en la Estimación 9,EN PROCESO,2026-05-15 18:54:17.355,2026-06-08 17:47:30.368,
21,PLATSOBSE_DGCOP_CONST_UTOPIAS_DEPORTIVO_DE_SAN_MIGUEL_TOPILEJO_11,DEPORTIVO DE SAN MIGUEL TOPILEJO,Social y Salud,Bayca Obras y Proyectos,SOBS-EJM-S-2026-72,0.99,0.99,0.0,0.0,B3,2025-05-10,2025-12-31,Monto Total de Contrato mas Convenio. El Convenio entra en la Estimación 8,EN PROCESO,2026-05-15 18:54:17.355,2026-06-08 17:47:30.369,Obra Terminada
22,PLATSOBSE_DGCOP_CONST_UTOPIAS_DEPORTIVO_DE_SAN_MIGUEL_TOPILEJO_11,DEPORTIVO DE SAN MIGUEL TOPILEJO,"Social, Salud y Ciudad Pluricultural",Grupo Constructor Cabrera y Ramírez Asociados,SOBS-EJM-S-2026-73,0.99,0.99,0.0,0.0,B3,2025-06-17,2025-12-31,Monto Total de Contrato mas Convenio. El Convenio entra en la Estimación 9,EN PROCESO,2026-05-15 18:54:17.355,2026-06-08 17:47:30.369,
96,PLATSOBSE_DGCOP_CONST_UTOPIAS_EL_PARIAN_2,Coyoacán — El Parián,Redes Generales,"Proyetos Consultoría y Sservicios en Ingeniería, S.A DE C.V.",SOBS-EJM-S-2026-74,1.0,0.9898,0.0004,0.0102,A1,2025-07-23,2025-12-24,13,EN PROCESO,2026-05-15 19:15:20.088,2026-06-08 19:58:37.686,
97,PLATSOBSE_DGCOP_CONST_UTOPIAS_EL_PARIAN_2,Coyoacán — El Parián,Oriente,"Procesos de Ingeniería Aplicada, S.A DE C.V.",SOBS-EJM-S-2026-75,1.0,0.9163,0.0052,0.0837,A1,2025-08-06,2025-12-24,115,EN PROCESO,2026-05-15 19:15:20.088,2026-06-08 19:58:37.687,
101,PLATSOBSE_DGCOP_CONST_UTOPIAS_EL_PARIAN_2,Coyoacán — El Parián,Fachadas,"Alexis Arquitectos, S.A. DE C.V.",SOBS-EJM-S-2026-76,1.0,0.571,0.0059,0.429,A1,2025-11-28,2025-12-31,21,EN PROCESO,2026-05-15 19:15:20.088,2026-06-08 19:58:37.690,
104,PLATSOBSE_DGCOP_CONST_UTOPIAS_EL_PARIAN_2,Coyoacán — El Parián,Accesos,"Garilla Ingeniería sustentable, S.A DE C.V.",SOBS-EJM-S-2026-77,1.0,0.3614,0.008,0.6386,A1,2025-11-28,2025-12-31,9,EN PROCESO,2026-05-15 19:15:20.088,2026-06-08 19:58:37.692,
34,PLATSOBSE_DGCOP_CONST_UTOPIAS_DEPORTIVO_DE_SAN_MIGUEL_TOPILEJO_11,DEPORTIVO DE SAN MIGUEL TOPILEJO,Área de Juegos y Casetas de Vigilancia,Sisa Hermes Construcción y Supervisión,SOBS-EJM-S-2026-78,0.99,0.9783,0.0242,0.0117,B3,2025-11-26,2025-12-29,Obra que inicio a principios de Diciembre,EN PROCESO,2026-05-15 18:55:58.941,2026-06-08 17:47:30.370,
106,PLATSOBSE_DGCOP_CONST_UTOPIAS_DEPORTIVO_EDUARDO_MOLINA_12,DEPORTIVO EDUARDO MOLINA,ALBERCA,"PROYECTO Y CONSTRUCCIONES GUSAM, S.A. DE C.V.",SOBS-EJM-S-2026-79,1.0,1.0,0.0,0.0,A2,2025-05-24,2025-12-24,40,EN PROCESO,2026-05-15 19:18:02.196,2026-05-25 20:00:33.084,
94,PLATSOBSE_DGCOP_CONST_UTOPIAS_EL_PARIAN_2,Coyoacán — El Parián,Norte,"Garilla Ingeniería sustentable, S.A DE C.V.",SOBS-EJM-S-2026-80,1.0,0.8511,0.0109,0.1489,A1,2025-07-23,2025-12-24,38,EN PROCESO,2026-05-15 19:15:20.088,2026-06-08 19:58:37.684,
189,PLATSOBSE_DGCOP_CONST_UTOPIAS_DEPORTIVO_OYAMEL_5,Magdalena Contreras — Predio Oyamel,Supervisión,Dugaf Asesores y Constructores.,SOBS-EJM-S-2026-81,1.0,0.0,0.0,1.0,B5,2025-05-06,2025-12-31,,EN PROCESO,2026-05-15 19:35:54.409,2026-06-08 23:53:43.053,SIN OBSERVACIONES.
190,PLATSOBSE_DGCOP_CONST_UTOPIAS_DEPORTIVO_OYAMEL_5,Magdalena Contreras — Predio Oyamel,Auditorio,Proveedora Industrial ISVA de Queretaro.,SOBS-EJM-S-2026-82,1.0,0.84,0.02,0.16,B5,2025-05-06,2025-12-31,,EN PROCESO,2026-05-15 19:35:54.409,2026-06-08 23:53:43.054,"COLOCACIÓN DE FACHALETA, DESCIMBRADO DE GRADAS, CONSTRUCCIÓN DE LAMBRIN DE DUROCK"
195,PLATSOBSE_DGCOP_CONST_UTOPIAS_DEPORTIVO_OYAMEL_5,Magdalena Contreras — Predio Oyamel,Sup. Obras exteriores,Dugaf Asesores y Constructores.,SOBS-EJM-S-2026-83,1.0,0.0,0.0,1.0,B5,2025-11-28,2025-12-31,,EN PROCESO,2026-05-15 19:35:54.409,2026-06-08 23:53:43.056,SIN OBSERVACIONES.
131,PLATSOBSE_DGCOP_CONST_UTOPIAS_DEPORTIVO_EL_TRIANGULO_14,DEPORTIVO EL TRIANGULO,EJE CULTURAL Y SOCIAL,Tianguis de Bienes Raices,SOBS-EJM-S-2026-84,1.0,0.455,0.004,0.545,B6,2025-05-28,2025-12-31,,EN PROCESO,2026-05-15 19:20:01.536,2026-06-12 23:26:39.971,
133,PLATSOBSE_DGCOP_CONST_UTOPIAS_DEPORTIVO_EL_TRIANGULO_14,DEPORTIVO EL TRIANGULO,ALBERCA,"Diseños, acabados y construcciones",SOBS-EJM-S-2026-85,1.0,0.08,0.006,0.92,B6,2025-05-28,2025-11-28,,EN PROCESO,2026-05-15 19:20:01.536,2026-06-12 23:26:39.974,
191,PLATSOBSE_DGCOP_CONST_UTOPIAS_DEPORTIVO_OYAMEL_5,Magdalena Contreras — Predio Oyamel,Micropilotes,Ingeniería Alternativa y Proyectos.,SOBS-EJM-S-2026-86,1.0,1.0,0.0,0.0,B5,2025-11-21,2025-12-31,,EN PROCESO,2026-05-15 19:35:54.409,2026-06-08 23:53:43.054,CONCLUIDO
144,PLATSOBSE_DGCOP_CONST_UTOPIAS_HERMANOS_GALEANA_9,HERMANOS GALEANA,REDES GENERALES,"GRUPO ALAVEZ LAMBARRI, S.A. DE C.V.",SOBS-EJM-S-2026-87,1.0,0.8446,0.0103,0.1554,C6,2025-05-12,2025-12-07,,EN PROCESO,2026-05-15 19:23:17.081,2026-06-06 00:54:49.828,
192,PLATSOBSE_DGCOP_CONST_UTOPIAS_DEPORTIVO_OYAMEL_5,Magdalena Contreras — Predio Oyamel,Complemento redes y exterior,Drenaje e Infraestructura Urbana.,SOBS-EJM-S-2026-88,1.0,0.45,0.1,0.55,B5,2025-11-21,2025-12-31,,EN PROCESO,2026-05-15 19:35:54.409,2026-06-08 23:53:43.055,"INSTALACIÓN DE TRANSFORMADORES EN CASETAS, COLOCACIÓN DE TUBERIA, COLOCACIÓN DE BASES PARA POSTE Y REGISTROS"
145,PLATSOBSE_DGCOP_CONST_UTOPIAS_HERMANOS_GALEANA_9,HERMANOS GALEANA,AUDITORIO,"CONSTRUCCIÓN, MANTENIMIENTO Y ASESORÍA DE OBRAS DUMA, S.A. DE C.V",SOBS-EJM-S-2026-89,1.0,0.9967,0.0005,0.0033,C6,2025-05-12,2025-12-07,,EN PROCESO,2026-05-15 19:23:17.081,2026-06-06 00:54:49.831,
130,PLATSOBSE_DGCOP_CONST_UTOPIAS_DEPORTIVO_EDUARDO_MOLINA_12,DEPORTIVO EDUARDO MOLINA,JUEGOS INFLAB,"BOMBTEC, S.A DE C.V",SOBS-EJM-S-2026-90,1.0,1.0,0.0,0.001,A2,2025-11-28,2025-12-31,23,EN PROCESO,2026-05-15 19:18:02.196,2026-05-25 20:00:33.108,
121,PLATSOBSE_DGCOP_CONST_UTOPIAS_DEPORTIVO_EDUARDO_MOLINA_12,DEPORTIVO EDUARDO MOLINA,REJA PERIM.,"SHAMASH MX ARQUITECTURA Y CONSTRUCCIÓN, S.A. DE C.V.",SOBS-EJM-S-2026-91,1.0,1.0,0.0,0.0,A2,2025-11-27,2025-12-31,10,EN PROCESO,2026-05-15 19:18:02.196,2026-05-25 20:00:33.097,
146,PLATSOBSE_DGCOP_CONST_UTOPIAS_HERMANOS_GALEANA_9,HERMANOS GALEANA,ALBERCA,"REGIOMONTANA DE CONSTRUCCIÓN Y SERVICIOS, S.A.P.I. DE C.V.",SOBS-EJM-S-2026-92,1.0,1.0,0.0,0.0,C6,2025-05-12,2025-12-07,,EN PROCESO,2026-05-15 19:23:17.081,2026-06-06 00:54:49.831,
193,PLATSOBSE_DGCOP_CONST_UTOPIAS_DEPORTIVO_OYAMEL_5,Magdalena Contreras — Predio Oyamel,Pilas,Corporacion constructora Ave Fenix,SOBS-EJM-S-2026-93,1.0,0.92,0.04,0.08,B5,2025-11-21,2025-12-31,,EN PROCESO,2026-05-15 19:35:54.409,2026-06-08 23:53:43.055,SUMINISTRO Y COLOCACIÓN DE PLANTAS EN TALUD PLATAFORMA 4
194,PLATSOBSE_DGCOP_CONST_UTOPIAS_DEPORTIVO_OYAMEL_5,Magdalena Contreras — Predio Oyamel,Sup. Modulos Sanitarios,Dugaf Asesores y Constructores.,SOBS-EJM-S-2026-94,1.0,0.0,0.0,1.0,B5,2025-11-28,2025-12-31,,EN PROCESO,2026-05-15 19:35:54.409,2026-06-08 23:53:43.056,SIN OBSERVACIONES.
147,PLATSOBSE_DGCOP_CONST_UTOPIAS_HERMANOS_GALEANA_9,HERMANOS GALEANA,PATIO 3 CENTRO DE CUIDADO Y DESARROLLO INFANTIL,"ESPECIALISTAS EN ACABADOS PROFESIONALES, S.A DE C.V.",SOBS-EJM-S-2026-95,1.0,1.0,0.0,0.0,C6,2025-05-12,2025-12-07,,EN PROCESO,2026-05-15 19:23:17.081,2026-06-06 00:54:49.833,
148,PLATSOBSE_DGCOP_CONST_UTOPIAS_HERMANOS_GALEANA_9,HERMANOS GALEANA,PATIO 4 SISTEMA PÚBLICO DE CUIDADOS,"GEUR INGENIERÍA, S.A DE C.V.",SOBS-EJM-S-2026-96,1.0,0.9797,0.0,0.0203,C6,2025-05-12,2025-12-07,,EN PROCESO,2026-05-15 19:23:17.081,2026-06-06 00:54:49.834,
149,PLATSOBSE_DGCOP_CONST_UTOPIAS_HERMANOS_GALEANA_9,HERMANOS GALEANA,PATIO 5 SALUD Y REHABILITACIÓN,"TAT CONSTRUCTORA, S.A DE C.V.",SOBS-EJM-S-2026-97,1.0,0.9786,0.0,0.0214,C6,2025-05-12,2025-12-07,,EN PROCESO,2026-05-15 19:23:17.081,2026-06-06 00:54:49.834,
150,PLATSOBSE_DGCOP_CONST_UTOPIAS_HERMANOS_GALEANA_9,HERMANOS GALEANA,PATIO 6 ECONOMIA,CONSTRUCCIONES DEL ANTIPLANO SALI. S.A DE C.V.,SOBS-EJM-S-2026-98,1.0,0.9816,0.0,0.0184,C6,2025-05-12,2025-12-07,,EN PROCESO,2026-05-15 19:23:17.081,2026-06-06 00:54:49.835,
120,PLATSOBSE_DGCOP_CONST_UTOPIAS_DEPORTIVO_EDUARDO_MOLINA_12,DEPORTIVO EDUARDO MOLINA,REHAB… PISTA DE ATLETISMO,PROYECTOS Y CONSTRUCCIONES GUSAM S.A DE C.V,SOBS-EJM-S-2026-99,1.0,1.0,0.0,0.0,A2,2025-11-27,2025-12-31,12,EN PROCESO,2026-05-15 19:18:02.196,2026-05-25 20:00:33.096,
35,PLATSOBSE_DGCOP_CONST_UTOPIAS_DEPORTIVO_DE_SAN_MIGUEL_TOPILEJO_11,DEPORTIVO DE SAN MIGUEL TOPILEJO,"Parque para Perros, Skatepark y Luminarias",Grupo Constructor Cabrera y Ramírez Asociados,SOBS-EJM-S-2026-100,0.99,0.9772,0.011,0.0128,B3,2025-11-26,2025-12-29,Obra que inicio a principios de Diciembre,EN PROCESO,2026-05-15 18:55:58.941,2026-06-08 17:47:30.371,
198,PLATSOBSE_DGCOP_CONST_UTOPIAS_DEPORTIVO_OYAMEL_5,Magdalena Contreras — Predio Oyamel,Kit de Canchas,Multinacionales Martinez Grey.,SOBS-EJM-S-2026-101,1.0,0.8,0.08,0.2,B5,2025-11-28,2025-12-31,,EN PROCESO,2026-05-15 19:35:54.409,2026-06-08 23:53:43.058,COLOCACIÓN DE PASTO SINTETICO (CAJAS DE BATEO)
169,PLATSOBSE_DGCOP_CONST_UTOPIAS_MAGDALENA_MIXIHUCA_7,MAGDALENA MIXIHUCA,ALBERCA,"LUXCON, S.A DE C.V.",SOBS-EJM-S-2026-102,1.0,1.0,0.0,0.0,C4,2025-05-02,2025-11-30,,ENTREGADO,2026-05-15 19:26:32.775,2026-05-16 00:19:04.692,
167,PLATSOBSE_DGCOP_CONST_UTOPIAS_MAGDALENA_MIXIHUCA_7,MAGDALENA MIXIHUCA,AUDITORIO,"3E SPACIO ARQUITECTOS, S.A DE C.V.",SOBS-EJM-S-2026-103,1.0,1.0,0.0,0.0,C4,2025-05-02,2025-11-30,,ENTREGADO,2026-05-15 19:26:32.775,2026-05-16 00:19:04.697,
170,PLATSOBSE_DGCOP_CONST_UTOPIAS_MAGDALENA_MIXIHUCA_7,MAGDALENA MIXIHUCA,EJE CULTURAL,"VISIÓN ECOLÓGICA, S.A. DE C.V.",SOBS-EJM-S-2026-104,1.0,1.0,0.0,0.0,C4,2025-05-02,2025-10-31,,ENTREGADO,2026-05-15 19:26:32.775,2026-05-16 00:19:04.698,
164,PLATSOBSE_DGCOP_CONST_UTOPIAS_MAGDALENA_MIXIHUCA_7,MAGDALENA MIXIHUCA,EJE DE SALUD,"MIALCAMI CONSTRUCCIONES, S.A. DE C.V.",SOBS-EJM-S-2026-105,1.0,1.0,0.0,0.0,C4,2025-05-02,2025-10-31,,ENTREGADO,2026-05-15 19:26:32.775,2026-05-16 00:19:04.701,
165,PLATSOBSE_DGCOP_CONST_UTOPIAS_MAGDALENA_MIXIHUCA_7,MAGDALENA MIXIHUCA,"EJE SOCIAL ""A""","CAKCALLI, COMERCIALIZADORA Y ARKITECTURA, S.A. DE C.V.",SOBS-EJM-S-2026-106,1.0,1.0,0.0,0.0,C4,2025-05-02,2025-10-31,,ENTREGADO,2026-05-15 19:26:32.775,2026-05-16 00:19:04.722,
166,PLATSOBSE_DGCOP_CONST_UTOPIAS_MAGDALENA_MIXIHUCA_7,MAGDALENA MIXIHUCA,"EJE SOCIAL ""B""","CONSTRUCTORES Y SUPERVISORES UNIDOS, S.A DE C.V.",SOBS-EJM-S-2026-107,1.0,1.0,0.0,0.0,C4,2025-05-02,2025-10-31,,ENTREGADO,2026-05-15 19:26:32.775,2026-05-16 00:19:04.809,
171,PLATSOBSE_DGCOP_CONST_UTOPIAS_MAGDALENA_MIXIHUCA_7,MAGDALENA MIXIHUCA,EJE SOCIAL Y SERVICIOS GENERALES,"INFRAESTRUCTURA Y DESARROLLO INTEGRAL DICSSA, S.A. DE C.V",SOBS-EJM-S-2026-108,1.0,1.0,0.0,0.0,C4,2025-05-02,2025-10-31,,ENTREGADO,2026-05-15 19:26:32.775,2026-05-16 00:19:04.820,
176,PLATSOBSE_DGCOP_CONST_UTOPIAS_MAGDALENA_MIXIHUCA_7,MAGDALENA MIXIHUCA,KARTODROMO,"FACTORIA ALAMFA, S.A. DE C.V.",SOBS-EJM-S-2026-109,1.0,1.0,0.0,0.0,C4,2025-11-28,2025-12-31,,ENTREGADO,2026-05-15 19:26:32.775,2026-05-16 00:19:04.823,
177,PLATSOBSE_DGCOP_CONST_UTOPIAS_MAGDALENA_MIXIHUCA_7,MAGDALENA MIXIHUCA,KIT DE CANCHAS DEPORTIVAS,"FIUBE ARQUITECTURA SUSTENTABLE, S.A. DE C.V.",SOBS-EJM-S-2026-110,1.0,1.0,0.0,0.0,C4,2025-11-26,2025-12-31,,ENTREGADO,2026-05-15 19:26:32.775,2026-05-16 00:19:04.826,
180,PLATSOBSE_DGCOP_CONST_UTOPIAS_MAGDALENA_MIXIHUCA_7,MAGDALENA MIXIHUCA,MINIGOLF,"BOMBTEC, S.A. DE C.V.",SOBS-EJM-S-2026-111,1.0,1.0,0.0,0.0,C4,2025-11-28,2025-12-31,,ENTREGADO,2026-05-15 19:26:32.775,2026-05-16 00:19:04.850,
173,PLATSOBSE_DGCOP_CONST_UTOPIAS_MAGDALENA_MIXIHUCA_7,MAGDALENA MIXIHUCA,OBRA EXTERIOS SECCIÓN 1,"VISIÓN ECOLÓGICA, S.A. DE C.V.",SOBS-EJM-S-2026-112,1.0,1.0,0.0,0.0,C4,2025-11-27,2025-12-31,,ENTREGADO,2026-05-15 19:26:32.775,2026-05-16 00:19:04.950,
174,PLATSOBSE_DGCOP_CONST_UTOPIAS_MAGDALENA_MIXIHUCA_7,MAGDALENA MIXIHUCA,OBRA EXTERIOS SECCIÓN 2,"CAKCALLI, COMERCIALIZADORA Y ARKITECTURA, S.A. DE C.V.",SOBS-EJM-S-2026-113,1.0,1.0,0.0,0.0,C4,2025-11-27,2025-12-31,,ENTREGADO,2026-05-15 19:26:32.775,2026-05-16 00:19:04.952,
175,PLATSOBSE_DGCOP_CONST_UTOPIAS_MAGDALENA_MIXIHUCA_7,MAGDALENA MIXIHUCA,OBRA EXTERIOS SECCIÓN 4,"CONSTRUCTORES Y SUPERVISORES UNIDOS, S.A. DE C.V.",SOBS-EJM-S-2026-114,1.0,1.0,0.0,0.0,C4,2025-11-27,2025-12-31,,ENTREGADO,2026-05-15 19:26:32.775,2026-05-16 00:19:04.954,
178,PLATSOBSE_DGCOP_CONST_UTOPIAS_MAGDALENA_MIXIHUCA_7,MAGDALENA MIXIHUCA,"PROYECTO ANCLA ""ISLAS""","ROMES CONSTRUARTE, S.A. DE C.V.",SOBS-EJM-S-2026-115,1.0,1.0,0.0,0.0,C4,2025-11-26,2025-12-31,,ENTREGADO,2026-05-15 19:26:32.775,2026-05-16 00:19:04.990,
172,PLATSOBSE_DGCOP_CONST_UTOPIAS_MAGDALENA_MIXIHUCA_7,MAGDALENA MIXIHUCA,OBRA EXTERIOS SECCIÓN 3,"ÉPSILON INGENIERÍA Y TECNOLOGÍA, S.A. DE C.V.",SOBS-EJM-S-2026-116,1.0,1.0,0.0,0.0,C4,2025-11-26,2025-12-26,,ENTREGADO,2026-05-15 19:26:32.775,2026-05-16 00:19:05.070,
168,PLATSOBSE_DGCOP_CONST_UTOPIAS_MAGDALENA_MIXIHUCA_7,MAGDALENA MIXIHUCA,REDES GENERALES,"KXA REAL INGENIERÍA Y SERVICIOS, S.A. DE C.V.",SOBS-EJM-S-2026-117,1.0,1.0,0.0,0.0,C4,2025-05-02,2025-11-30,,ENTREGADO,2026-05-15 19:26:32.775,2026-05-16 00:19:05.071,
179,PLATSOBSE_DGCOP_CONST_UTOPIAS_MAGDALENA_MIXIHUCA_7,MAGDALENA MIXIHUCA,SANITARIOS Y ACCESOS,"KALEIN CONSULTORES, S.A. DE C.V.",SOBS-EJM-S-2026-118,1.0,1.0,0.0,0.0,C4,2025-11-28,2025-12-31,,ENTREGADO,2026-05-15 19:26:32.775,2026-05-16 00:19:05.075,
151,PLATSOBSE_DGCOP_CONST_UTOPIAS_HERMANOS_GALEANA_9,HERMANOS GALEANA,GRADAS Y ÁREAS EXTERIORES,"DISEÑO Y CONSTRUCCIONES ALVEG, S.A. DE C.V.",SOBS-EJM-S-2026-119,1.0,1.0,0.0478,0.0,C6,2025-11-28,2025-12-28,,EN PROCESO,2026-05-15 19:23:17.081,2026-06-06 00:54:49.836,
153,PLATSOBSE_DGCOP_CONST_UTOPIAS_HERMANOS_GALEANA_9,HERMANOS GALEANA,PARQUE ACUATICO,"CONSTRUCCIONES AMA DEL BAJÍO, S.A. DE C.V.",SOBS-EJM-S-2026-120,1.0,1.0,0.0,0.0,C6,2025-11-28,2025-12-28,,EN PROCESO,2026-05-15 19:23:17.081,2026-06-06 00:54:49.837,
154,PLATSOBSE_DGCOP_CONST_UTOPIAS_HERMANOS_GALEANA_9,HERMANOS GALEANA,ANDADORES Y ÁREAS EXTERIORES,"CONSTRUCCIONES DEL ALTIPLANO SALI, S.A. DE C.V.",SOBS-EJM-S-2026-121,1.0,0.4479,0.0117,0.5521,C6,2025-11-28,2025-12-28,,EN PROCESO,2026-05-15 19:23:17.081,2026-06-06 00:54:49.838,
155,PLATSOBSE_DGCOP_CONST_UTOPIAS_HERMANOS_GALEANA_9,HERMANOS GALEANA,"PROYECTO ANCLA ""VIA LACTEA"" Y KIT DE CANCHAS DEPORTIVAS","DAROSI, S.A DE C.V.",SOBS-EJM-S-2026-122,1.0,0.8732,0.034,0.1268,C6,2025-11-28,2025-12-28,,EN PROCESO,2026-05-15 19:23:17.081,2026-06-06 00:54:49.839,
156,PLATSOBSE_DGCOP_CONST_UTOPIAS_HERMANOS_GALEANA_9,HERMANOS GALEANA,PROYECTO ANCLA CIRCO,"GRUPO JDRR, S.A. DE C.V.",SOBS-EJM-S-2026-123,1.0,1.0,0.0,0.0,C6,2025-11-28,2025-12-31,Ya se tienen las adquisiciones; falta la instalación.,EN PROCESO,2026-05-15 19:23:17.081,2026-06-06 00:54:49.840,Ya se tienen las adquisiciones; falta la instalación.
157,PLATSOBSE_DGCOP_CONST_UTOPIAS_HERMANOS_GALEANA_9,HERMANOS GALEANA,REJA PERIMETRAL,"ARQUITECTURA CINZAA, S.A DE C.V.",SOBS-EJM-S-2026-124,1.0,0.2524,0.2329,0.7476,C6,2025-11-28,2025-12-28,,EN PROCESO,2026-05-15 19:23:17.081,2026-06-06 00:54:49.840,
158,PLATSOBSE_DGCOP_CONST_UTOPIAS_HERMANOS_GALEANA_9,HERMANOS GALEANA,ALBERCA OLIMPICA,"VIDERE INFRAESTRUCTURA, S.A. DE C.V.",SOBS-EJM-S-2026-125,1.0,1.0,0.0,0.0,C6,2025-11-28,2025-12-28,,EN PROCESO,2026-05-15 19:23:17.081,2026-06-06 00:54:49.841,
199,PLATSOBSE_DGCOP_CONST_UTOPIAS_DEPORTIVO_OYAMEL_5,Magdalena Contreras — Predio Oyamel,Aereo Bunglee y Tirolesa,Comercializadora Abega.,SOBS-EJM-S-2026-126,1.0,0.7,0.1,0.3,B5,2025-11-28,2025-12-31,,EN PROCESO,2026-05-15 19:35:54.409,2026-06-08 23:53:43.059,"HABILITADO DE ESTRUCTURAS (TORRE TIROLESA) INSTALACIÓN DE PUENTES (CIRCUITO TIROLESA), COLOCACIÓN DE ADOQUIN (AEROBUNGIE), INSTALACIÓN DE ACCESORIOS (MUROS DE ESCALAR)"
152,PLATSOBSE_DGCOP_CONST_UTOPIAS_HERMANOS_GALEANA_9,HERMANOS GALEANA,PROYECTO ANCLA ANIMATRONIC,"GRUPO JDRR, S.A. DE C.V.",SOBS-EJM-S-2026-127,1.0,0.1803,0.0,0.8197,C6,,,,EN PROCESO,2026-05-15 19:23:17.081,2026-06-06 00:54:49.836,
36,PLATSOBSE_DGCOP_CONST_UTOPIAS_DEPORTIVO_DE_SAN_MIGUEL_TOPILEJO_11,DEPORTIVO DE SAN MIGUEL TOPILEJO,Cancha de Fútbol de Pasto Sintético,MSM-Soluciones,SOBS-EJM-S-2026-128,0.99,0.8042,0.008,0.1858,B3,2025-11-26,2025-12-29,Obra que inicio a principios de Diciembre,EN PROCESO,2026-05-15 18:55:58.941,2026-06-08 17:47:30.371,
37,PLATSOBSE_DGCOP_CONST_UTOPIAS_DEPORTIVO_DE_SAN_MIGUEL_TOPILEJO_11,DEPORTIVO DE SAN MIGUEL TOPILEJO,Trotapista de Tartán y Kit de Canchas,De Arq. Diseño de Espacios,SOBS-EJM-S-2026-129,0.99,0.9328,0.0215,0.0572,B3,2025-11-26,2025-12-29,Obra que inicio a principios de Diciembre,EN PROCESO,2026-05-15 18:55:58.941,2026-06-08 17:47:30.372,
38,PLATSOBSE_DGCOP_CONST_UTOPIAS_DEPORTIVO_DE_SAN_MIGUEL_TOPILEJO_11,DEPORTIVO DE SAN MIGUEL TOPILEJO,Cisternas,"Ingeniería Civil, Comunicaciones y Electrónica",SOBS-EJM-S-2026-130,0.99,0.9306,0.0163,0.0594,B3,2025-11-26,2025-12-29,Obra que inicio a principios de Diciembre,EN PROCESO,2026-05-15 18:55:58.941,2026-06-08 17:47:30.372,
39,PLATSOBSE_DGCOP_CONST_UTOPIAS_DEPORTIVO_DE_SAN_MIGUEL_TOPILEJO_11,DEPORTIVO DE SAN MIGUEL TOPILEJO,Andadores y Bahias de Transporte,Icapsa Infraestructura de Desarrollo,SOBS-EJM-S-2026-131,0.99,0.7559,0.1314,0.2341,B3,2025-11-26,2025-12-29,Obra que inicio a principios de Diciembre,EN PROCESO,2026-05-15 18:55:58.941,2026-06-08 17:47:30.373,
40,PLATSOBSE_DGCOP_CONST_UTOPIAS_DEPORTIVO_DE_SAN_MIGUEL_TOPILEJO_11,DEPORTIVO DE SAN MIGUEL TOPILEJO,Barda y Reja Perimetral,Grupo Quinva,SOBS-EJM-S-2026-132,0.99,0.7911,0.0032,0.1989,B3,2025-11-26,2025-12-29,Obra que inicio a principios de Diciembre,EN PROCESO,2026-05-15 18:55:58.941,2026-06-08 17:47:30.373,
42,PLATSOBSE_DGCOP_CONST_UTOPIAS_DEPORTIVO_DE_SAN_MIGUEL_TOPILEJO_11,DEPORTIVO DE SAN MIGUEL TOPILEJO,Circuito Escalada e Infables Gigantes,Manufacturera de Reactores,SOBS-EJM-S-2026-133,0.99,0.4799,0.1227,0.5101,B3,2025-11-28,2025-12-27,Obra que inicio a principios de Diciembre,EN PROCESO,2026-05-15 18:55:58.941,2026-06-08 17:47:30.375,
43,PLATSOBSE_DGCOP_CONST_UTOPIAS_DEPORTIVO_DE_SAN_MIGUEL_TOPILEJO_11,DEPORTIVO DE SAN MIGUEL TOPILEJO,"Módulos Sanitarios, Accesos y Trabajos Complementarios",Aurea Selene Espinosa Avendaño,SOBS-EJM-S-2026-134,0.99,0.9135,0.0628,0.0765,B3,2025-11-28,2025-12-31,Obra que inicio a principios de Diciembre,EN PROCESO,2026-05-15 18:55:58.941,2026-06-08 17:47:30.375,
44,PLATSOBSE_DGCOP_CONST_UTOPIAS_DEPORTIVO_DE_SAN_MIGUEL_TOPILEJO_11,DEPORTIVO DE SAN MIGUEL TOPILEJO,Supervisión Externa,Construcciones y Proyectos Ruzalde,SOBS-EJM-S-2026-135,0.99,0.5322,0.0387,0.4578,B3,2025-11-28,2025-12-31,Obra que inicio a principios de Diciembre,EN PROCESO,2026-05-15 18:55:58.941,2026-06-08 17:47:30.376,
181,PLATSOBSE_DGCOP_CONST_UTOPIAS_DEPORTIVO_OYAMEL_5,Magdalena Contreras — Predio Oyamel,Social 1 Nivel/ Casa de dia,Ingenieria y construcciones Grysle.,SOBS-EJM-S-2026-136,1.0,0.992,0.002,0.008,B5,2025-05-06,2025-12-31,,EN PROCESO,2026-05-15 19:35:54.409,2026-06-08 23:53:43.046,"SELLADO DE MUROS,  LIMPIEZA DE INSTALACIONES"
182,PLATSOBSE_DGCOP_CONST_UTOPIAS_DEPORTIVO_OYAMEL_5,Magdalena Contreras — Predio Oyamel,Salud/Social 2 niveles,Multinacionales Martinez Grey.,SOBS-EJM-S-2026-137,1.0,0.92,0.01,0.08,B5,2025-05-06,2025-12-31,,EN PROCESO,2026-05-15 19:35:54.409,2026-06-08 23:53:43.048,"HABILITADO DE CANCELERÍA METÁLICA, PINTURA EN HERRERÍA, INSTALACIÓN TANQUE DE GAS ESTACIONARIO, COLOCACIÓN DE LAMINA MULTIPERFORADA, COLOCACIÓN DE CRISTALES EN CANCELERIA"
186,PLATSOBSE_DGCOP_CONST_UTOPIAS_DEPORTIVO_OYAMEL_5,Magdalena Contreras — Predio Oyamel,Taludes,Ingenieria alternativa y proyectos.,SOBS-EJM-S-2026-138,1.0,0.985,0.007,0.015,B5,2025-05-06,2025-12-31,,EN PROCESO,2026-05-15 19:35:54.409,2026-06-08 23:53:43.051,"EXCAVACIÓN, CONFORMACIÓN DE TERRENO, PLANTILLA, HABILITADO DE ACERO MURO DE CONTENCIÓN"
890,PLATSOBSE_DGCOP_CONST_UTOPIAS_INJUVE_8,INJUVE,Utopia Miguel Hidalgo 2,Olgrosa Group,SOBS-EJM-S-2026-139,1.0,0.942,0.001,0.058,A4,2025-06-27,2025-12-31,3,EN PROCESO,2026-06-09 00:43:28.451,2026-06-09 00:43:28.451,"Falta de definición por parte de proyectos en pinturas de fachadas, asi como especificaciones en equipos y ubicaciones de tecnologias."
891,PLATSOBSE_DGCOP_CONST_UTOPIAS_INJUVE_8,INJUVE,Utopia Miguel Hidalgo 3,"Dezarrolladora, Inmobiliaria y Constructora Aztlan.",SOBS-EJM-S-2026-140,1.0,0.9007,0.0002,0.0993,A4,2025-07-13,2025-12-16,57,EN PROCESO,2026-06-09 00:43:28.451,2026-06-09 00:43:28.451,"Falta de definición por parte de proyectos en pinturas de fachadas, asi como especificaciones en equipos y ubicaciones de tecnologias."
892,PLATSOBSE_DGCOP_CONST_UTOPIAS_INJUVE_8,INJUVE,Adecuacion de oficinas Popotla 2,Olgrosa Group,SOBS-EJM-S-2026-141,1.0,0.99,0.0,0.01,A4,2025-10-12,2025-12-31,4,EN PROCESO,2026-06-09 00:43:28.451,2026-06-09 00:43:28.451,Proceso de instalación
81,PLATSOBSE_DGCOP_CONST_UTOPIAS_CEYLAN_6,CEYLAN,MODULOS SANITARIOS Y ACCESOS,"VIDERE INFRAESTRUCTURA, S.A. DE C.V.",SOBS-EJM-S-2026-142,1.0,1.0,0.0,0.0,C2,2025-11-28,2025-12-31,,ENTREGADO,2026-05-15 19:02:54.317,2026-05-16 00:18:46.245,
77,PLATSOBSE_DGCOP_CONST_UTOPIAS_CEYLAN_6,CEYLAN,CANCHAS DE FUTBOL Y ESPACIOS DEPORTIVOS,"INGENIERÍA, ASESORÍA Y MANTENIMIENTO, S.A. DE C.V.",SOBS-EJM-S-2026-143,1.0,1.0,0.0,0.0,C2,2025-11-28,2025-12-28,,ENTREGADO,2026-05-15 19:02:54.317,2026-05-16 00:18:45.979,
578,centro_scop,Benito Juárez — UTOPÍA Centro SCOP,REHABILITACIÓN DE GIMNASIO,,SOBS-EJM-S-2026-144,1.0,0.02,0.0,0.98,,2025-11-28,2025-12-31,,EN PROCESO,2026-05-23 01:04:26.554,2026-05-30 01:14:44.890,EN ESPERA DE AUTORIZACION PARA INGRESAR AL PREDIO
579,centro_scop,Benito Juárez — UTOPÍA Centro SCOP,DEMOLICION ISSSTE,,SOBS-EJM-S-2026-145,1.0,0.0,0.0,1.0,,2025-11-28,2025-12-28,,EN PROCESO,2026-05-23 01:04:26.555,2026-05-30 01:14:44.891,EN ESPERA DE AUTORIZACION PARA INGRESAR AL PREDIO
115,PLATSOBSE_DGCOP_CONST_UTOPIAS_DEPORTIVO_EDUARDO_MOLINA_12,DEPORTIVO EDUARDO MOLINA,EJE SOCIAL/CASA DE DIA,"GAREEIN GRUPO INMONBILIARIO, S.A. DE C.V.",SOBS-EJM-S-2026-146,1.0,1.0,0.001,0.0,A2,2025-05-24,2025-12-24,7,EN PROCESO,2026-05-15 19:18:02.196,2026-05-25 20:00:33.093,
117,PLATSOBSE_DGCOP_CONST_UTOPIAS_DEPORTIVO_EDUARDO_MOLINA_12,DEPORTIVO EDUARDO MOLINA,"HUMEDALES, CANCHAS…","MIALCAMI CONSTRUCCIONES, S.A DE C.V",SOBS-EJM-S-2026-147,1.0,1.0,0.0,0.0,A2,2025-11-27,2025-12-31,20,EN PROCESO,2026-05-15 19:18:02.196,2026-05-25 20:00:33.095,
124,PLATSOBSE_DGCOP_CONST_UTOPIAS_DEPORTIVO_EDUARDO_MOLINA_12,DEPORTIVO EDUARDO MOLINA,CANCHAS,"CONSTRUCTORA Y COMERCIALIZADORA ALCIRA, S.A. DE C.V.",SOBS-EJM-S-2026-148,1.0,1.0,0.0,0.0,A2,2025-11-26,2025-12-29,20,EN PROCESO,2026-05-15 19:18:02.196,2026-05-25 20:00:33.101,
161,PLATSOBSE_DGCOP_CONST_UTOPIAS_INJUVE_8,INJUVE,Utopia Miguel Hidalgo,Fabety Diseño y Construccion.,SOBS-EJM-S-2026-149,1.0,0.99,0.0,0.01,A4,2025-05-30,2025-08-01,,EN PROCESO,2026-05-15 19:24:40.143,2026-06-08 22:46:09.633,"Falta de definición por parte de proyectos en pinturas de fachadas, asi como especificaciones en equipos y ubicaciones de tecnologias."
201,PLATSOBSE_DGCOP_CONST_UTOPIAS_DEPORTIVO_OYAMEL_5,Magdalena Contreras — Predio Oyamel,Modulos Sanitarios,Iscon Soluciones Integrales en Diseño y Construcción.,SOBS-EJM-S-2026-150,1.0,0.9,0.05,0.1,B5,2025-11-28,2025-12-27,,EN PROCESO,2026-05-15 19:35:54.409,2026-06-08 23:53:43.060,"COLOCACIÓN PISO, COLOCACIÓN DE MAMPARAS, INSTALACIÓN DE TORNIQUETES ACCESO (NUCLEO SANITARIO)"
196,PLATSOBSE_DGCOP_CONST_UTOPIAS_DEPORTIVO_OYAMEL_5,Magdalena Contreras — Predio Oyamel,Obras Exteriores,Ingeniería Alternativa y Proyectos.,SOBS-EJM-S-2026-151,1.0,0.52,0.04,0.48,B5,2025-11-28,2025-12-31,,EN PROCESO,2026-05-15 19:35:54.409,2026-06-08 23:53:43.057,"HABILITADO Y COLADO DE GUARNICIÓN, COLOCACIÓN DE TEPETATE Y COMPACTACIÓN, COLADO DE ANDADORES  (PLATAFORMA 3)"
580,centro_scop,Benito Juárez — UTOPÍA Centro SCOP,SUPERVISION,,SOBS-EJM-S-2026-152,1.0,0.0283,0.0003,0.9717,,2025-11-28,2025-12-28,,EN PROCESO,2026-05-23 01:04:26.555,2026-06-06 00:58:19.780,
200,PLATSOBSE_DGCOP_CONST_UTOPIAS_DEPORTIVO_OYAMEL_5,Magdalena Contreras — Predio Oyamel,Aereonave Simulación,Comercializadora Abega.,SOBS-EJM-S-2026-153,1.0,0.75,0.07,0.25,B5,2025-11-28,2025-12-31,,EN PROCESO,2026-05-15 19:35:54.409,2026-06-08 23:53:43.059,"ACONDICIONAMIENTO DE ESPACIOS INTERIORES, PINTURA METALICA DE ESCALERA, CONSTRUCCIÓN DE MUROS(ELEVADOR), INSTALACIÓN DE TOBOGAN"
134,PLATSOBSE_DGCOP_CONST_UTOPIAS_DEPORTIVO_EL_TRIANGULO_14,DEPORTIVO EL TRIANGULO,EJE SOCIAL,Victor Manuel Tellez Jurado,SOBS-EJM-S-2026-154,1.0,0.642,0.0188,0.358,B6,2025-05-15,2025-12-31,,EN PROCESO,2026-05-15 19:20:01.536,2026-06-12 23:26:39.974,
135,PLATSOBSE_DGCOP_CONST_UTOPIAS_DEPORTIVO_EL_TRIANGULO_14,DEPORTIVO EL TRIANGULO,EJE CULTURAL,Construcción y electrificación logística,SOBS-EJM-S-2026-155,1.0,0.445,0.01,0.555,B6,2025-05-28,2025-12-31,,EN PROCESO,2026-05-15 19:20:01.536,2026-06-12 23:26:39.975,
136,PLATSOBSE_DGCOP_CONST_UTOPIAS_DEPORTIVO_EL_TRIANGULO_14,DEPORTIVO EL TRIANGULO,EJE SALUD,Edificación integral del noroeste,SOBS-EJM-S-2026-156,1.0,0.6085,0.0065,0.3915,B6,2025-05-28,2025-12-31,,EN PROCESO,2026-05-15 19:20:01.536,2026-06-12 23:26:39.976,
567,PLATSOBSE_DGCOP_CONST_UTOPIAS_CUAUHTEMOC_1,CUAUHTEMOC,SUPERVISION,"DUAL ARQUITECTURA SUSTENTABLE, S.A. DE C.V.",SOBS-EJM-S-2026-157,1.0,0.0278,0.0,0.9722,C3,2025-11-26,2025-12-31,,EN PROCESO,2026-05-23 00:57:10.658,2026-05-23 00:57:10.658,
568,PLATSOBSE_DGCOP_CONST_UTOPIAS_CUAUHTEMOC_1,CUAUHTEMOC,ALBERCA,"GRUPO PROMOTOR DE VIVIENDA PARA MEXICO, S.A DE.CV.",SOBS-EJM-S-2026-158,1.0,0.0278,0.0,0.9722,C3,2025-11-26,2025-12-31,,EN PROCESO,2026-05-23 00:57:10.658,2026-05-23 00:57:10.658,
569,PLATSOBSE_DGCOP_CONST_UTOPIAS_CUAUHTEMOC_1,CUAUHTEMOC,DEMOLICIONES,DISEÑOS ACABADOS Y CONSTRUCCIONES S.A. DE C.V.,SOBS-EJM-S-2026-159,1.0,0.7157,0.0,0.2843,C3,2025-11-06,2025-12-25,,EN PROCESO,2026-05-23 00:57:10.658,2026-05-23 00:57:10.658,
110,PLATSOBSE_DGCOP_CONST_UTOPIAS_DEPORTIVO_EDUARDO_MOLINA_12,DEPORTIVO EDUARDO MOLINA,EJE SOCIAL/SIEMPRE VIVAS,INNOVACIÓN Y PROMOCIÓN DE LA CONSTRUCCIÓN S.A. DE C.V,SOBS-EJM-S-2026-160,1.0,1.0,0.0325,0.0,A2,2025-05-24,2025-12-24,14,EN PROCESO,2026-05-15 19:18:02.196,2026-05-25 20:00:33.089,
111,PLATSOBSE_DGCOP_CONST_UTOPIAS_DEPORTIVO_EDUARDO_MOLINA_12,DEPORTIVO EDUARDO MOLINA,EJE ECONOMICO/COMERCIO Y BIENESTAR ANIMAL,"ROMES CONSTRUARTE, S.A. DE C.V.",SOBS-EJM-S-2026-161,1.0,1.0,0.0,0.0,A2,2025-05-24,2025-11-21,5,EN PROCESO,2026-05-15 19:18:02.196,2026-05-25 20:00:33.091,
114,PLATSOBSE_DGCOP_CONST_UTOPIAS_DEPORTIVO_EDUARDO_MOLINA_12,DEPORTIVO EDUARDO MOLINA,EJE SOCIAL/GIMNASIO Y COCINA,"YECA ASFALTOS Y EMULSIONES, S.A. DE C.V.",SOBS-EJM-S-2026-162,1.0,1.0,0.0,0.0,A2,2025-05-24,2025-12-24,5,EN PROCESO,2026-05-15 19:18:02.196,2026-05-25 20:00:33.093,
128,PLATSOBSE_DGCOP_CONST_UTOPIAS_DEPORTIVO_EDUARDO_MOLINA_12,DEPORTIVO EDUARDO MOLINA,EUROREJA DEPORTIVO,"CONSTRUCTORA Y COMERCIALIZADORA ALCIRA, S.A. DE C.V.",SOBS-EJM-S-2026-163,1.0,1.0,0.0,0.0,A2,2025-11-29,2025-12-28,8,EN PROCESO,2026-05-15 19:18:02.196,2026-05-25 20:00:33.106,
129,PLATSOBSE_DGCOP_CONST_UTOPIAS_DEPORTIVO_EDUARDO_MOLINA_12,DEPORTIVO EDUARDO MOLINA,EUROREJA CANCHA,"CONSTRUCTORA Y COMERCIALIZADORA ALCIRA, S.A. DE C.V.",SOBS-EJM-S-2026-164,1.0,1.0,0.0,0.0,A2,2025-11-29,2025-12-28,8,EN PROCESO,2026-05-15 19:18:02.196,2026-05-25 20:00:33.107,
577,centro_scop,Benito Juárez — UTOPÍA Centro SCOP,REUBICACION DE BODEGA,,SOBS-EJM-S-2026-165,1.0,0.0,0.0,1.0,,2025-11-28,2025-12-31,,EN PROCESO,2026-05-23 01:04:26.553,2026-05-30 01:14:44.889,EN ESPERA DE AUTORIZACION PARA INGRESAR AL PREDIO
52,PLATSOBSE_DGCOP_CONST_UTOPIAS_DEPORTIVO_TECOMITL_10,DEPORTIVO TECOMITL,Redes Generales,Drenaje e Infraestructura Urbana.,SOBS-EJM-S-2026-166,1.0,0.692,0.0044,0.308,B2,2025-08-25,2025-12-31,El monto aprobado es la suma del monto de contrato y convenio,EN PROCESO,2026-05-15 18:58:50.213,2026-06-12 23:28:08.479,continua con acabados
53,PLATSOBSE_DGCOP_CONST_UTOPIAS_DEPORTIVO_TECOMITL_10,DEPORTIVO TECOMITL,Supervisión,Xamitl Arquitectos,SOBS-EJM-S-2026-167,1.0,0.8386,0.002,0.1614,B2,2025-08-25,2026-01-01,El monto aprobado es la suma del monto de contrato y convenio,EN PROCESO,2026-05-15 18:58:50.213,2026-06-12 23:28:08.481,
576,cuauhtemoc_centro,Cuauhtémoc — UTOPÍA Cuauhtémoc,DEMOLICIONES,,SOBS-EJM-S-2026-168,1.0,0.76,0.04,0.24,,2025-11-06,2025-12-25,,EN PROCESO,2026-05-23 01:04:08.446,2026-06-06 00:55:59.469,
54,PLATSOBSE_DGCOP_CONST_UTOPIAS_DEPORTIVO_TECOMITL_10,DEPORTIVO TECOMITL,Kit Canchas,Sisa Hermes Cconstrucción y Supervisión,SOBS-EJM-S-2026-169,1.0,0.9816,0.0038,0.0184,B2,2025-08-25,2026-01-02,,EN PROCESO,2026-05-15 18:58:50.213,2026-06-12 23:28:08.482,Equipo de Bateo
55,PLATSOBSE_DGCOP_CONST_UTOPIAS_DEPORTIVO_TECOMITL_10,DEPORTIVO TECOMITL,Intinerante,Grupo Benj,SOBS-EJM-S-2026-170,1.0,,0.0,,B2,2025-08-25,2026-01-03,,EN PROCESO,2026-05-15 18:58:50.213,2026-06-12 23:28:08.483,
188,PLATSOBSE_DGCOP_CONST_UTOPIAS_DEPORTIVO_OYAMEL_5,Magdalena Contreras — Predio Oyamel,Deportivo 1 nivel/ Alberca,Central de laminas y perfiles especiales.,SOBS-EJM-S-2026-171,1.0,0.88,0.055,0.12,B5,2025-05-06,2025-12-31,,EN PROCESO,2026-05-15 19:35:54.409,2026-06-08 23:53:43.053,"COLOCACIÓN DE VENTANAS LOUVER EN CUARTOS DE MAQUINA, COLOCACIÓN DE JARDINERAS METALICAS,  COLOCACIÓN DE AZULEJO (EDIFICIO DE SERVICIOS)"
197,PLATSOBSE_DGCOP_CONST_UTOPIAS_DEPORTIVO_OYAMEL_5,Magdalena Contreras — Predio Oyamel,Caseta/ Modulo/ Temazcal,Proveedora Industrial ISVA de Queretaro.,SOBS-EJM-S-2026-172,1.0,0.75,0.04,0.25,B5,2025-11-28,2025-12-31,,EN PROCESO,2026-05-15 19:35:54.409,2026-06-08 23:53:43.057,"PINTURA DE MEDIA REJA, PINTURA PRIMER EN REJA GRANADA (PUENTE PEATONAL) APLANADO DE MURO (VESTIDORES), APLANADO DE MUROS (CASETAS DE ACCESO), CONFORMACIÓN DE TERRENO Y COLADO DE PLAZOLETA (TEMAZCAL), COLOCACIÓN DE REJA (PARQUE PARA PERROS)"
18,PLATSOBSE_DGCOP_CONST_UTOPIAS_DEPORTIVO_DE_SAN_MIGUEL_TOPILEJO_11,DEPORTIVO DE SAN MIGUEL TOPILEJO,"Económico, Ciencia y Tecnología y Social",Fidisi Coorporativo en Procesos Ambientales,SOBS-EJM-S-2026-173,0.99,0.99,0.0,0.0,B3,2025-05-07,2025-12-31,Monto Total de Contrato mas Convenio. El Convenio entra en la Estimación 8,EN PROCESO,2026-05-15 18:54:17.355,2026-06-08 17:47:30.367,Obra Terminada
1,PLATSOBSE_DGCOP_CONST_UTOPIAS_PARQUE_JAPON_3,Álvaro Obregón — Parque Japón,SUPERVISIÓN EXTERNA,"MSM - SOLUCIONES, S.A DE C.V",SOBS-EJM-S-2026-174,1.0,0.4952,0.0,0.5048,A3,2025-10-16,2025-12-31,,EN PROCESO,2026-05-15 18:48:22.478,2026-06-08 19:57:31.554,
163,PLATSOBSE_DGCOP_CONST_UTOPIAS_INJUVE_8,INJUVE,Adecuacion de oficinas Popotla,ISCON Soluciones Integrales en Diseño y Construccion,SOBS-EJM-S-2026-175,1.0,0.99,0.0,0.01,A4,2025-09-19,2025-12-27,Proceso de instalación de elevador,EN PROCESO,2026-05-15 19:24:40.143,2026-06-08 22:46:09.636,Proceso de instalación
183,PLATSOBSE_DGCOP_CONST_UTOPIAS_DEPORTIVO_OYAMEL_5,Magdalena Contreras — Predio Oyamel,Cultural 1 nivel,Corsa construcciones y mantenimiento,SOBS-EJM-S-2026-176,1.0,0.97,0.015,0.03,B5,2025-05-06,2025-12-31,,EN PROCESO,2026-05-15 19:35:54.409,2026-06-08 23:53:43.049,"COLOCACIÓN DE ACCESORIOS ELECTRICOS, LIMPIEZA DE INSTALACIONES"
137,PLATSOBSE_DGCOP_CONST_UTOPIAS_DEPORTIVO_EL_TRIANGULO_14,DEPORTIVO EL TRIANGULO,REDES GENERALES,Ingeniería y sistema de planeación,SOBS-EJM-S-2026-177,1.0,0.177,0.0025,0.823,B6,2025-05-28,2025-12-31,Atraso por conciliación de proyecto,EN PROCESO,2026-05-15 19:20:01.536,2026-06-12 23:26:39.976,
143,PLATSOBSE_DGCOP_CONST_UTOPIAS_DEPORTIVO_EL_TRIANGULO_14,DEPORTIVO EL TRIANGULO,SUPERVISIÓN INTERNA,ANMA ingeniería,SOBS-EJM-S-2026-178,1.0,1.0,0.0,0.0,B6,2025-11-28,2025-12-31,,EN PROCESO,2026-05-15 19:20:01.536,2026-06-12 23:26:39.979,
140,PLATSOBSE_DGCOP_CONST_UTOPIAS_DEPORTIVO_EL_TRIANGULO_14,DEPORTIVO EL TRIANGULO,EJE DEPORTIVO,Victor Manuel Tellez Jurado,SOBS-EJM-S-2026-179,1.0,0.0,0.0,1.0,B6,2025-10-23,2025-12-31,,EN PROCESO,2026-05-15 19:20:01.536,2026-06-12 23:26:39.977,
142,PLATSOBSE_DGCOP_CONST_UTOPIAS_DEPORTIVO_EL_TRIANGULO_14,DEPORTIVO EL TRIANGULO,CANCHAS CETRAM,"Diseños, acabados y construcciones",SOBS-EJM-S-2026-180,1.0,1.0,0.0,0.0,B6,2025-10-23,2025-12-31,,EN PROCESO,2026-05-15 19:20:01.536,2026-06-12 23:26:39.978,
112,PLATSOBSE_DGCOP_CONST_UTOPIAS_DEPORTIVO_EDUARDO_MOLINA_12,DEPORTIVO EDUARDO MOLINA,REDES GENERALES,"SUADCO, S.A. DE C.V.",SOBS-EJM-S-2026-181,1.0,1.0,0.03,0.0,A2,2025-05-24,2025-12-24,25,EN PROCESO,2026-05-15 19:18:02.196,2026-05-25 20:00:33.091,
118,PLATSOBSE_DGCOP_CONST_UTOPIAS_DEPORTIVO_EDUARDO_MOLINA_12,DEPORTIVO EDUARDO MOLINA,"PARQUE PARA PERROS, RING DE BOX","PROYECTO, CONSTRUCCIÓN Y SUPERVISIÓN L.P S.A DE C.V",SOBS-EJM-S-2026-182,1.0,1.0,0.0,0.0,A2,2025-11-27,2025-12-31,17,EN PROCESO,2026-05-15 19:18:02.196,2026-05-25 20:00:33.095,
122,PLATSOBSE_DGCOP_CONST_UTOPIAS_DEPORTIVO_EDUARDO_MOLINA_12,DEPORTIVO EDUARDO MOLINA,TEMAZCAL,OMAR COYOTZI ACOMAN,SOBS-EJM-S-2026-183,1.0,1.0,0.0,0.0,A2,2025-11-27,2025-12-31,17,EN PROCESO,2026-05-15 19:18:02.196,2026-05-25 20:00:33.099,
125,PLATSOBSE_DGCOP_CONST_UTOPIAS_DEPORTIVO_EDUARDO_MOLINA_12,DEPORTIVO EDUARDO MOLINA,CANCHAS DE VOLEIBOL …,"SISTEMA ADOBE, S.A. DE C.V.",SOBS-EJM-S-2026-184,1.0,1.0,0.03,0.0,A2,2025-11-28,2025-12-28,10,EN PROCESO,2026-05-15 19:18:02.196,2026-05-25 20:00:33.102,
126,PLATSOBSE_DGCOP_CONST_UTOPIAS_DEPORTIVO_EDUARDO_MOLINA_12,DEPORTIVO EDUARDO MOLINA,ACCESOS Y SANITARIOS,"SUADCO, S.A. DE C.V.",SOBS-EJM-S-2026-185,1.0,1.0,0.0,0.0,A2,2025-11-28,2025-12-28,8,EN PROCESO,2026-05-15 19:18:02.196,2026-05-25 20:00:33.103,
127,PLATSOBSE_DGCOP_CONST_UTOPIAS_DEPORTIVO_EDUARDO_MOLINA_12,DEPORTIVO EDUARDO MOLINA,SUPERVISIÓN,"EDIFICACIONES E INGENIERÍA R.K., S.A. DE C.V.",SOBS-EJM-S-2026-186,1.0,1.0,0.0,0.0,A2,2025-11-28,2025-12-31,1,EN PROCESO,2026-05-15 19:18:02.196,2026-05-25 20:00:33.105,
660,PLATSOBSE_DGCOP_CONST_UTOPIAS_CETRAM_ACATITLA_13,Iztapalapa — CETRAM Acatitla,SUPERVISION,,SOBS-EJM-S-2026-187,1.0,0.028,0.002,0.972,,2025-11-26,2025-12-31,,EN PROCESO,2026-05-30 01:13:47.405,2026-05-30 01:13:47.405,
661,PLATSOBSE_DGCOP_CONST_UTOPIAS_CETRAM_ACATITLA_13,Iztapalapa — CETRAM Acatitla,ALBERCA,,SOBS-EJM-S-2026-188,1.0,0.028,0.002,0.972,,2025-11-26,2025-12-31,,EN PROCESO,2026-05-30 01:13:47.407,2026-05-30 01:13:47.407,
570,PLATSOBSE_DGCOP_CONST_UTOPIAS_CENTRO_SCOP_4,CENTRO SCOP,REUBICACION DE BODEGA,"CAV, DISEÑO E INGENIERIA, S.A. DE C.V.",SOBS-EJM-S-2026-189,1.0,0.0,0.0,1.0,C1,2025-11-28,2025-12-31,,EN PROCESO,2026-05-23 01:00:34.236,2026-05-23 01:00:34.236,EN ESPERA DE AUTORIZACION PARA INGRESAR AL PREDIO
571,PLATSOBSE_DGCOP_CONST_UTOPIAS_CENTRO_SCOP_4,CENTRO SCOP,REHABILITACIÓN DE GIMNASIO,"LA PENINSULAR COMPAÑÍA CONSTRUCTORA, S.A. DE C.V.",SOBS-EJM-S-2026-190,1.0,0.02,0.0,0.98,C1,2025-11-28,2025-12-31,,EN PROCESO,2026-05-23 01:00:34.236,2026-05-23 01:00:34.236,EN ESPERA DE AUTORIZACION PARA INGRESAR AL PREDIO
572,PLATSOBSE_DGCOP_CONST_UTOPIAS_CENTRO_SCOP_4,CENTRO SCOP,DEMOLICION ISSSTE,"DEMEC DEMOLICIONES, S.A. DE C.V.",SOBS-EJM-S-2026-191,1.0,0.0,0.0,1.0,C1,2025-11-28,2025-12-28,,EN PROCESO,2026-05-23 01:00:34.236,2026-05-23 01:00:34.236,EN ESPERA DE AUTORIZACION PARA INGRESAR AL PREDIO
573,PLATSOBSE_DGCOP_CONST_UTOPIAS_CENTRO_SCOP_4,CENTRO SCOP,SUPERVISION,"INGENIERIA INTEGRAL INTERNACIONAL MEXICO, S.A. DE C.V.",SOBS-EJM-S-2026-192,1.0,0.02,0.0,0.98,C1,2025-11-28,2025-12-28,,EN PROCESO,2026-05-23 01:00:34.236,2026-05-23 01:00:34.236,EN ESPERA DE AUTORIZACION PARA INGRESAR AL PREDIO
662,PLATSOBSE_DGCOP_CONST_UTOPIAS_CETRAM_ACATITLA_13,Iztapalapa — CETRAM Acatitla,DEMOLICIONES,,SOBS-EJM-S-2026-193,1.0,0.72,0.0043,0.28,,2025-11-06,2025-12-25,,EN PROCESO,2026-05-30 01:13:47.408,2026-05-30 01:13:47.408,
782,centro_scop,Benito Juárez — UTOPÍA Centro SCOP,ALBERCA,,SOBS-EJM-S-2026-194,1.0,0.0283,0.0003,0.9717,,2025-11-26,2025-12-31,,EN PROCESO,2026-06-06 00:58:19.782,2026-06-06 00:58:19.782,
783,centro_scop,Benito Juárez — UTOPÍA Centro SCOP,DEMOLICIONES,,SOBS-EJM-S-2026-195,1.0,0.76,0.04,0.24,,2025-11-06,2025-12-25,,EN PROCESO,2026-06-06 00:58:19.784,2026-06-06 00:58:19.784,
